INSERT INTO user(display_name, username, password) VALUES ('Administrador', 'admin','$2a$10$.PVIfB07x.SfMYTcToxL0.yxcLWU0GbS2NUO1W1QAvqMm/TsFhVem');
INSERT INTO user(display_name, username, password) VALUES ('Teste', 'teste','$2a$10$.PVIfB07x.SfMYTcToxL0.yxcLWU0GbS2NUO1W1QAvqMm/TsFhVem');
INSERT INTO user(display_name, username, password) VALUES ('Teste', 'teste','$2a$10$.PVIfB07x.SfMYTcToxL0.yxcLWU0GbS2NUO1W1QAvqMm/TsFhVem');
INSERT INTO account(number, agency, bank, type_account, user_id) VALUES ('3', '123', 'Santander', '0', '1');
INSERT INTO account(number, agency, bank, type_account, user_id) VALUES ('4', '123', 'Caixa', '0', '1');
INSERT INTO account(number, agency, bank, type_account, user_id) VALUES ('5', '123', 'Itau', '1', '1');
INSERT INTO account(number, agency, bank, type_account, user_id) VALUES ('6', '123', 'NuBank', '1', '1');
INSERT INTO account(number, agency, bank, type_account, user_id) VALUES ('7', '123', 'Bradesco', '3', '1');
INSERT INTO transaction(id, category, description, due_date, type_transaction, value, account_number) VALUES ('8', 'A certificação', 'constante','2022-05-15', '1', '2000', '3');
INSERT INTO transaction(id, category, description, due_date, type_transaction, value, account_number) VALUES ('9', 'importante', 'soluções','2022-05-15', '0', '180', '3');
INSERT INTO transaction(id, category, description, due_date, type_transaction, value, account_number) VALUES ('10', 'outro lado', 'auxilia a preparação','2022-05-15', '0', '320', '3');
INSERT INTO transaction(id, category, description, due_date, type_transaction, value, account_number) VALUES ('11', 'diretrizes', 'para o futuro','2022-05-15', '0', '550', '3');
INSERT INTO transaction(id, category, description, due_date, type_transaction, value, account_number) VALUES ('12', 'mesmo', 'revolução dos','2022-05-15', '1', '1500', '4');
INSERT INTO transaction(id, category, description, due_date, type_transaction, value, account_number) VALUES ('13', 'correta', 'previsão das','2022-05-15', '0', '700', '4');
INSERT INTO transaction(id, category, description, due_date, type_transaction, value, account_number) VALUES ('14', 'diversas', 'correntes de pensamento','2022-05-15', '0', '230', '4');
INSERT INTO transaction(id, category, description, due_date, type_transaction, value, account_number) VALUES ('15', 'A nível', 'organizacional','2022-05-15', '0', '300', '4');
INSERT INTO transaction(id, category, description, due_date, type_transaction, value, account_number) VALUES ('16', 'surgimento', 'comércio virtual','2022-05-15', '1', '1000', '5');
INSERT INTO transaction(id, category, description, due_date, type_transaction, value, account_number) VALUES ('17', 'apresenta', 'tendências no sentido','2022-05-15', '0', '130', '5');
INSERT INTO transaction(id, category, description, due_date, type_transaction, value, account_number) VALUES ('18', 'impacto', 'agilidade decisória','2022-05-15', '0', '250', '5');
INSERT INTO transaction(id, category, description, due_date, type_transaction, value, account_number) VALUES ('19', 'temos', 'ter sempre em mente','2022-05-15', '0', '72', '5');
INSERT INTO transaction(id, category, description, due_date, type_transaction, value, account_number) VALUES ('20', 'crescente', 'influência da mídia','2022-05-15', '1', '2000', '6');
INSERT INTO transaction(id, category, description, due_date, type_transaction, value, account_number) VALUES ('21', 'faz parte de', 'gerenciamento dos procedimentos','2022-05-15', '0', '330', '6');
INSERT INTO transaction(id, category, description, due_date, type_transaction, value, account_number) VALUES ('22', 'normalmente', 'incentivo ao avanço','2022-05-15', '0', '280', '6');
INSERT INTO transaction(id, category, description, due_date, type_transaction, value, account_number) VALUES ('23', 'tecnológico', 'assim como','2022-05-15', '0', '720', '6');
INSERT INTO transaction(id, category, description, due_date, type_transaction, value, account_number) VALUES ('24', 'desafiador', 'cenário globalizado','2022-05-15', '1', '3000', '7');
INSERT INTO transaction(id, category, description, due_date, type_transaction, value, account_number) VALUES ('25', 'agrega', 'valor ao estabelecimento','2022-05-15', '0', '730', '7');
INSERT INTO transaction(id, category, description, due_date, type_transaction, value, account_number) VALUES ('26', 'direções', 'sentido','2022-05-15', '0', '620', '7');
INSERT INTO transaction(id, category, description, due_date, type_transaction, value, account_number) VALUES ('27', 'progresso', 'empenho em analisar','2022-05-15', '0', '770', '7');
INSERT INTO transaction(id, category, description, due_date, type_transaction, value, account_number) VALUES ('28', 'tecnológico', 'assim como','2022-05-15', '1', '720', '3');
INSERT INTO transaction(id, category, description, due_date, type_transaction, value, account_number) VALUES ('29', 'desafiador', 'cenário globalizado','2022-05-15', '1', '300', '4');
INSERT INTO transaction(id, category, description, due_date, type_transaction, value, account_number) VALUES ('30', 'agrega', 'valor ao estabelecimento','2022-05-15', '1', '730', '5');
INSERT INTO transaction(id, category, description, due_date, type_transaction, value, account_number) VALUES ('31', 'direções', 'sentido','2022-05-15', '1', '620', '6');
INSERT INTO transaction(id, category, description, due_date, type_transaction, value, account_number) VALUES ('32', 'progresso', 'empenho em analisar','2022-05-15', '1', '770', '7');